,state,random_lowercase_letter,bothify,safari,month_name,paragraph,safe_email,day_of_week,time,uri_path,unix_device,sha256,military_dpo,postcode,domain_word
0,Pennsylvania,m,53 Kn,"Mozilla/5.0 (Macintosh; PPC Mac OS X 10_11_0 rv:2.0; lo-LA) AppleWebKit/535.13.7 (KHTML, like Gecko) Version/5.1 Safari/535.13.7",January,Beat its gas other positive peace. Even fine grow edge pick bit soon. Hospital television with.,santosgeoffrey@example.com,Friday,11:09:47,app,/dev/vdt,c1b692715d87b995423776bf80025ecaf1c895befade74513a72c03a62f50430,Unit 4014 Box 9548,21630,richmond
1,Iowa,o,75 bq,"Mozilla/5.0 (Windows; U; Windows 98; Win 9x 4.90) AppleWebKit/535.22.1 (KHTML, like Gecko) Version/5.0 Safari/535.22.1",April,Write ok power quality exist provide organization. Carry organization stop nearly or option risk. Mother as country wear.,wadepaula@example.net,Tuesday,07:17:21,main/blog/blog,/dev/sdt,0bd3a3523aaa488c80189ae8b180fe720e0674af6884911fe9caf54bedb537b4,Unit 8063 Box 9284,27086,hernandez
2,North Carolina,h,61 uX,"Mozilla/5.0 (iPod; U; CPU iPhone OS 4_3 like Mac OS X; da-DK) AppleWebKit/535.13.4 (KHTML, like Gecko) Version/3.0.5 Mobile/8B119 Safari/6535.13.4",June,People you put president power. Structure become success similar also significant.,rosariomartin@example.org,Saturday,18:20:11,list/wp-content/app,/dev/vdy,05d80b9e47638f87dc14dab4e3337d36790439482ce5032ee3fa1cb3de94a27f,Unit 1555 Box 9914,67245,page-smith
3,Oklahoma,b,66 ST,"Mozilla/5.0 (Windows; U; Windows 95) AppleWebKit/532.32.2 (KHTML, like Gecko) Version/4.0.1 Safari/532.32.2",March,Ask success box last. Former reach finally management company effect. Range research fish. Recently whole road type support job.,mfitzpatrick@example.net,Thursday,23:11:30,categories/posts,/dev/xvdz,1bc7a52fd5707163a3023084ced1183afdeea6d2868fb58d201d5417a7150704,Unit 2711 Box 2761,11668,becker
4,Massachusetts,l,36 fC,"Mozilla/5.0 (Macintosh; U; PPC Mac OS X 10_8_9 rv:4.0; yi-US) AppleWebKit/534.38.7 (KHTML, like Gecko) Version/4.0 Safari/534.38.7",August,Or answer successful seat us area resource. Institution financial stage better. Resource professor authority great artist east on up.,julieflores@example.com,Sunday,13:14:21,tags,/dev/vdc,526abab93194c7fd73e053dd78178a9501b776b9a7aa70e6b7dc7394fdc075a8,Unit 5558 Box 6165,63373,klein-wilson
5,Nebraska,y,89 tO,"Mozilla/5.0 (iPod; U; CPU iPhone OS 3_0 like Mac OS X; th-TH) AppleWebKit/532.6.1 (KHTML, like Gecko) Version/3.0.5 Mobile/8B119 Safari/6532.6.1",January,Entire win standard grow new before toward. Stop treatment drive drug remember. Project management official.,levinegary@example.org,Friday,10:33:36,tags,/dev/vdx,fe5942bbd613672a96c187995a27b948dd46612d19b3b8978b221abf4e8facaf,Unit 6606 Box 0669,34120,evans
6,Texas,d,05 Nm,"Mozilla/5.0 (Macintosh; Intel Mac OS X 10_10_2 rv:6.0; mk-MK) AppleWebKit/534.19.2 (KHTML, like Gecko) Version/5.0.5 Safari/534.19.2",February,Try attack investment opportunity.,kimberlyhudson@example.net,Monday,08:36:48,main,/dev/sdu,a9edde0f3b6bbe9d0d444d41d64ff8cb99be4e96b1252a0ffcef63e77669aa04,Unit 2816 Box 3373,45728,white
7,Texas,w,59 zQ,"Mozilla/5.0 (Macintosh; Intel Mac OS X 10_11_4 rv:4.0; tig-ER) AppleWebKit/532.26.7 (KHTML, like Gecko) Version/5.0.1 Safari/532.26.7",February,Accept until investment. Light southern few.,timothybryant@example.net,Saturday,04:16:46,app/main/list,/dev/xvdr,2e4fffbbfaf6518512bbc219e06483ec7b175b36dd32b6ba86b3ee6870248e10,Unit 2640 Box 7572,13443,wright
8,Hawaii,f,13 xl,"Mozilla/5.0 (Windows; U; Windows 95) AppleWebKit/531.46.5 (KHTML, like Gecko) Version/4.0.1 Safari/531.46.5",September,Civil fine Congress environment necessary American good sure. Job by see traditional research west. Hair add financial child street research along weight.,jacobmarshall@example.net,Tuesday,03:13:22,search/tag/search,/dev/sdw,0242e8062feaa03b99826165e9894d897872586f1575380286242fd0f2db04b2,Unit 4432 Box 5951,90789,walter-beck
9,Maine,y,94 CV,"Mozilla/5.0 (Macintosh; PPC Mac OS X 10_12_1 rv:4.0; ve-ZA) AppleWebKit/535.20.3 (KHTML, like Gecko) Version/4.1 Safari/535.20.3",August,Real health never write chance. West involve include rate sound remember performance.,robert91@example.org,Wednesday,09:56:36,search/list,/dev/xvdm,8514c57fd244821396e4042dc7a0c04a518b391048b6f6b08b7280019f1dcc33,Unit 5738 Box 8479,30247,tran-brady
10,New Mexico,d,17 od,"Mozilla/5.0 (iPod; U; CPU iPhone OS 3_3 like Mac OS X; gez-ET) AppleWebKit/531.12.4 (KHTML, like Gecko) Version/4.0.5 Mobile/8B115 Safari/6531.12.4",March,Company yeah business. Including investment design theory war leader.,kevingordon@example.org,Tuesday,21:44:15,tag,/dev/xvdp,898104b7c56bc98b530bb9a7a9f690efd0742ade76f63614f370f0cc56787adb,Unit 2352 Box 3460,38318,edwards
11,New Mexico,s,17 Vx,"Mozilla/5.0 (Macintosh; PPC Mac OS X 10_11_2 rv:2.0; bem-ZM) AppleWebKit/532.47.3 (KHTML, like Gecko) Version/4.0.5 Safari/532.47.3",January,This who change range. Card Republican expert law. Truth identify participant over. Technology course lead left daughter glass thought.,steven65@example.org,Saturday,02:54:45,tag,/dev/sdv,aaa8937ce4365951d816a57ff285e30f07f2d7df4c0db6a3f5db8fd141ddc101,Unit 5915 Box 3421,06439,castillo
12,Maryland,z,83 hA,"Mozilla/5.0 (Windows; U; Windows NT 4.0) AppleWebKit/534.49.4 (KHTML, like Gecko) Version/5.1 Safari/534.49.4",August,Ahead think food civil produce. Edge everybody own she there value federal drop. Win project heart cup agent each impact owner.,williamnelson@example.org,Saturday,19:01:20,search,/dev/vdt,70cff24165df6f7669eb37b964075d8a804ca04e15fcf7de28f87138fc173f05,Unit 8950 Box 0935,78192,durham-wilson
13,Kansas,j,70 Mv,"Mozilla/5.0 (Macintosh; U; Intel Mac OS X 10_11_0 rv:5.0; ur-IN) AppleWebKit/531.25.2 (KHTML, like Gecko) Version/4.0.4 Safari/531.25.2",July,Talk have collection peace probably. Team big big firm million along people past.,jeffreythompson@example.org,Sunday,13:15:27,main,/dev/vdv,6cf182b9aa47a59da500ccba15b7980e3b108dd92a1daeccec31f28676f14b80,Unit 3388 Box 1559,20355,herrera
14,Delaware,f,11 Vr,"Mozilla/5.0 (Macintosh; U; PPC Mac OS X 10_10_0 rv:5.0; mai-IN) AppleWebKit/532.22.1 (KHTML, like Gecko) Version/5.0 Safari/532.22.1",January,Response detail see Mrs life. Officer data nothing expert rock director. Power cup name teach common structure item.,annette53@example.net,Saturday,02:30:22,explore/category,/dev/vdh,f0c984a506be3d74fe549763c65ed4300c7b3a828f353833151f4519d80d98c7,Unit 9987 Box 8028,28260,hill-trevino
15,Kansas,h,68 iz,"Mozilla/5.0 (Windows; U; Windows NT 5.0) AppleWebKit/534.17.6 (KHTML, like Gecko) Version/5.0.5 Safari/534.17.6",March,Religious win fund lose. Central career issue project economy front how.,zlopez@example.net,Monday,14:24:25,tags,/dev/sda,33c1c5df9b67e1ccd6ca1c3c9dce5179a9270faf6e845a7c68c250022d7abc24,Unit 3998 Box 8354,42853,stokes-ingram
16,Wyoming,a,68 Rx,"Mozilla/5.0 (Macintosh; PPC Mac OS X 10_5_6 rv:2.0; sl-SI) AppleWebKit/531.23.2 (KHTML, like Gecko) Version/4.0.5 Safari/531.23.2",April,Skill claim parent entire avoid office knowledge sign. Report their east any writer rock. Expert mean food able.,crystal06@example.com,Friday,20:47:39,explore/category/posts,/dev/sdo,5e62e316847a33f41f79ff5bcfbe8d4d0ac2292935876a5ed1e1e779906ba3f0,Unit 8723 Box 7237,80153,moore
17,New York,r,98 Qw,"Mozilla/5.0 (Windows; U; Windows NT 4.0) AppleWebKit/531.37.5 (KHTML, like Gecko) Version/4.0 Safari/531.37.5",January,Mind all like. Explain true whose other. Institution power majority what whom special.,bmichael@example.net,Friday,07:15:21,tag/tags/category,/dev/sdl,faf8f294ea60ca11e0341ed443847bafb6b509dd83fd54112546895839602d8b,Unit 4033 Box 1823,81862,anderson-morales
18,Utah,i,90 jT,"Mozilla/5.0 (Windows; U; Windows NT 6.2) AppleWebKit/532.13.4 (KHTML, like Gecko) Version/5.0.3 Safari/532.13.4",January,Involve some around always after field ability. Bank measure instead site amount be. Audience election son hear method arm body note.,fallen@example.org,Thursday,00:08:56,categories/wp-content,/dev/vdn,f9154a731c24b4f90096516cfe763794174914574a956ecd132ea4dfbc2f2b26,Unit 0720 Box 4978,93911,ryan-perry
19,Iowa,j,34 sV,"Mozilla/5.0 (iPod; U; CPU iPhone OS 3_3 like Mac OS X; dv-MV) AppleWebKit/534.24.6 (KHTML, like Gecko) Version/3.0.5 Mobile/8B119 Safari/6534.24.6",July,Thousand recently yeah trouble head. Under at especially traditional common by. Notice soldier pull reach small hope.,nbryant@example.org,Saturday,18:54:59,categories/category,/dev/vdu,1e1c34529329959a37ffe71baa5bf79bc2e4119eae77a64a87c01c9d5a8abf8f,Unit 8232 Box 2071,08565,hill-jordan
20,California,x,80 VC,"Mozilla/5.0 (iPod; U; CPU iPhone OS 4_0 like Mac OS X; szl-PL) AppleWebKit/534.37.6 (KHTML, like Gecko) Version/3.0.5 Mobile/8B118 Safari/6534.37.6",May,Choice clear way yes middle knowledge offer. Cost himself create century hit.,aliciamoran@example.com,Sunday,22:01:55,categories,/dev/sdq,f8015118d136d60b87968e7b859158d00cd378ef205e1d846919387787ae4287,Unit 7803 Box 6477,83360,williams
21,Wyoming,q,36 xL,"Mozilla/5.0 (Macintosh; Intel Mac OS X 10_10_2 rv:5.0; ko-KR) AppleWebKit/531.34.4 (KHTML, like Gecko) Version/4.0.4 Safari/531.34.4",March,Item style when discussion. After source prevent material. Would card loss rule.,kimberlyfreeman@example.org,Wednesday,05:01:08,category/list/blog,/dev/sda,a2c10e5f12a220a6a3b5f83cd256c9c4f3dd32f6856b01cf90d404b6a03df8ee,Unit 5484 Box 8680,40591,hamilton
22,Maine,c,53 Os,"Mozilla/5.0 (Windows; U; Windows NT 6.2) AppleWebKit/534.17.3 (KHTML, like Gecko) Version/4.1 Safari/534.17.3",August,Collection measure unit follow. Billion right attorney power several.,jordan60@example.net,Sunday,03:31:44,tag/tags,/dev/sdp,33a679fba371ae5a9589d43a7fb01dc9e0c7cb3a2dc65a3372e94e41d128b0fd,Unit 9068 Box 6556,85262,duke
23,Alaska,j,59 zo,"Mozilla/5.0 (Windows; U; Windows 98) AppleWebKit/533.46.5 (KHTML, like Gecko) Version/4.1 Safari/533.46.5",December,Player lot culture among though push. Debate already turn return enough peace show visit. Hotel same whatever herself article discussion.,kimberly68@example.net,Tuesday,05:48:01,posts,/dev/sdn,be3b9a2bf3bbb7445295ca705e51ff3070ee84d427fd58e502792eca27306eca,Unit 9037 Box 6213,49896,holt
24,Vermont,j,14 dN,"Mozilla/5.0 (Windows; U; Windows 98) AppleWebKit/533.2.4 (KHTML, like Gecko) Version/5.0 Safari/533.2.4",August,Maybe student mouth happy take must once. Raise agent hotel arm member. Child sea fight north tree.,lance47@example.org,Wednesday,22:17:01,tags,/dev/xvdc,07533b44f79aa40a8ffb4b8ef042cb7edef8096afa9c60360c46c4a6ed430e7f,Unit 6659 Box 9645,59547,bush
25,Delaware,e,31 Av,"Mozilla/5.0 (Macintosh; U; PPC Mac OS X 10_12_6 rv:4.0; lv-LV) AppleWebKit/534.6.1 (KHTML, like Gecko) Version/5.0.4 Safari/534.6.1",June,I organization reason lawyer. Good body land side front understand their. War end effort responsibility lay drug.,martin80@example.com,Saturday,12:27:59,app,/dev/sde,5d83ad3080822d07cbc7dcb7eee54974804c0995826cc4c3f0cd989b1afe585a,Unit 0879 Box 6174,78044,butler
26,Oregon,d,93 bx,"Mozilla/5.0 (Windows; U; Windows NT 4.0) AppleWebKit/533.11.6 (KHTML, like Gecko) Version/5.0.3 Safari/533.11.6",June,Suffer administration every. Around garden out one growth.,waterscraig@example.com,Tuesday,23:59:17,explore,/dev/xvdh,1a8ead6759239411f348a49bf496ba5f01e9d166c57dc9feebeca9b5f0f4dee8,Unit 4619 Box 9131,15462,russell-russo
27,Indiana,a,56 Gs,"Mozilla/5.0 (iPod; U; CPU iPhone OS 3_0 like Mac OS X; so-ET) AppleWebKit/532.5.6 (KHTML, like Gecko) Version/3.0.5 Mobile/8B118 Safari/6532.5.6",November,Few young company time product good. Camera policy grow kid sort Mrs expect.,tim84@example.net,Friday,07:15:50,list/search,/dev/xvdz,a27aa96766bc70f880aae9b8078251a874c5f7f1b3d212399661262637b7bc1a,Unit 3289 Box 7907,40504,bailey
28,Mississippi,w,55 Cv,"Mozilla/5.0 (iPod; U; CPU iPhone OS 4_0 like Mac OS X; bn-IN) AppleWebKit/535.6.7 (KHTML, like Gecko) Version/3.0.5 Mobile/8B115 Safari/6535.6.7",November,Thousand individual person whatever. Fight suddenly ready try big.,joshuapatel@example.org,Friday,21:41:48,tags/blog,/dev/vdj,8f8b61af80dfc880ba8908b1e1dffaa46c850c4a6dcf7d058a151435d35eea76,Unit 5571 Box 7677,88080,young
29,Connecticut,e,72 Qg,"Mozilla/5.0 (Windows; U; Windows NT 5.2) AppleWebKit/534.8.7 (KHTML, like Gecko) Version/5.1 Safari/534.8.7",July,Represent site audience move mission career direction. Expect sign never.,garrettjulia@example.com,Tuesday,00:04:47,explore/main,/dev/xvdw,7e9c2e62ab1816b99f2a0bc12d029060c354ca0238e0f1e8e50c48cd4839de69,Unit 9734 Box 7667,98265,vargas
30,Alaska,u,96 Km,"Mozilla/5.0 (iPod; U; CPU iPhone OS 3_0 like Mac OS X; hr-HR) AppleWebKit/534.19.1 (KHTML, like Gecko) Version/4.0.5 Mobile/8B118 Safari/6534.19.1",July,Daughter property put later.,holmeslogan@example.com,Friday,11:49:14,wp-content/explore/category,/dev/xvdz,988b6f3a9b570ae9f029d9ac017fa90ef2e1dda575271547df700d098fe8522f,Unit 6736 Box 7358,21483,green
31,South Carolina,i,73 YM,"Mozilla/5.0 (Windows; U; Windows NT 6.0) AppleWebKit/533.27.3 (KHTML, like Gecko) Version/5.0 Safari/533.27.3",October,Sea government claim evening cut other available. Season indeed say before soon see threat. School international despite policy think pick hair. Every western central plant town your.,danielwright@example.com,Thursday,16:54:28,tag/search/main,/dev/sdu,edcb7f862966d05f7990134da0e72df7b54c6749b0e607d151af566c78669120,Unit 6360 Box 9434,77937,cortez
32,Georgia,d,82 mt,"Mozilla/5.0 (Macintosh; PPC Mac OS X 10_10_9 rv:3.0; lv-LV) AppleWebKit/533.47.3 (KHTML, like Gecko) Version/5.0.3 Safari/533.47.3",February,Red maybe blue one stage Democrat small. Third respond material would building recently. Type itself eye three perform.,kimberlylucas@example.com,Monday,16:46:00,category/blog/search,/dev/vdw,1779d51c3ffba555fe4630b811b79b33331a05cf5bffe6ce556b62185ea6e003,Unit 1441 Box 7136,18925,johnson
33,Idaho,q,91 As,"Mozilla/5.0 (Windows; U; Windows 95) AppleWebKit/531.44.2 (KHTML, like Gecko) Version/4.0.1 Safari/531.44.2",March,Over dream picture prove cost consumer might floor. Party turn accept later often again. Maintain budget study significant special.,james60@example.net,Wednesday,11:31:32,main/search/search,/dev/xvde,216deda113b081ddab7481b7ceb6d19e1c97e02e8c300e06c369bebaba665ee0,Unit 6057 Box 1581,98382,gonzales-werner
34,New Jersey,z,89 AR,"Mozilla/5.0 (Windows; U; Windows 95) AppleWebKit/535.36.7 (KHTML, like Gecko) Version/4.0 Safari/535.36.7",July,Minute contain over account prove play. Land option someone amount. Carry really body store education political need.,hblanchard@example.net,Sunday,02:46:54,categories,/dev/vdt,23990bc5ca3d08fe89cbbb001a1261a8d04c585a658795fd9f29437511d26822,Unit 1131 Box 1048,96759,english
35,Nebraska,f,93 cW,"Mozilla/5.0 (Macintosh; PPC Mac OS X 10_12_0 rv:4.0; mr-IN) AppleWebKit/535.46.7 (KHTML, like Gecko) Version/5.0.2 Safari/535.46.7",February,Figure determine why probably fact. Chance everything discuss court within.,stacyjohnson@example.org,Wednesday,00:47:05,explore/tags,/dev/vdc,7d339d0f7cfb135dd7546d4cf785dfdd593c7b2d01c02e4cad98076309442e75,Unit 8048 Box 5802,95394,rubio
36,Alabama,q,20 oh,"Mozilla/5.0 (Windows; U; Windows 95) AppleWebKit/531.45.4 (KHTML, like Gecko) Version/5.0 Safari/531.45.4",March,New ball avoid position yard fast. Call play couple cut small technology.,donaldhogan@example.com,Wednesday,14:55:10,categories/category/blog,/dev/vdy,7d61a34383b7ef599c721c26a77a8b96140435ddb5b72042ae4c8933666242c9,Unit 4152 Box 3666,94422,ellis-burnett
37,Texas,r,65 UI,"Mozilla/5.0 (Macintosh; Intel Mac OS X 10_7_2 rv:2.0; es-HN) AppleWebKit/534.14.3 (KHTML, like Gecko) Version/4.0.4 Safari/534.14.3",May,Organization east ready or. Then direction parent themselves.,montesnicole@example.org,Tuesday,17:21:18,wp-content,/dev/vds,5c77a02b8f90a8ee61156235b04f47d7ee54016ddf889e4ac705a61677cffce3,Unit 7548 Box 0911,13892,stanley-cooper
38,North Carolina,y,68 Hd,"Mozilla/5.0 (Macintosh; PPC Mac OS X 10_12_7 rv:6.0; ug-CN) AppleWebKit/531.35.3 (KHTML, like Gecko) Version/4.0 Safari/531.35.3",January,Factor yet wind animal carry. Middle space sense city. Age smile another.,mary89@example.org,Saturday,03:04:51,tag/tags,/dev/sdg,430b4e0870bc4f22edc1c17ce6bf0bc6f7c15fb8834f207f8fd77eec58bcdc0e,Unit 4141 Box 0057,87746,ford
39,Montana,m,63 YQ,"Mozilla/5.0 (Macintosh; Intel Mac OS X 10_7_6 rv:3.0; ig-NG) AppleWebKit/531.38.5 (KHTML, like Gecko) Version/5.0.2 Safari/531.38.5",October,Sure easy reflect develop push save. Save imagine lawyer value Mr. Window instead store option.,moorerhonda@example.org,Tuesday,14:27:30,tags/list,/dev/sdw,3255239a81e35c49358c5de2d9e652b625ef289556d9a7ff7c04a87852acbebb,Unit 9788 Box 4704,74053,chase
40,Iowa,e,09 Ml,"Mozilla/5.0 (Macintosh; PPC Mac OS X 10_11_5 rv:3.0; mai-IN) AppleWebKit/534.5.5 (KHTML, like Gecko) Version/4.1 Safari/534.5.5",November,Standard make down owner offer. Join adult option idea vote for candidate.,jeffrey65@example.org,Monday,13:59:38,tags/categories,/dev/xvdx,203cd920ccdbf6e71f0f9dc9d9a4d79a76e78872a5649d6d5ddc0eb51c05e955,Unit 0469 Box 6850,65274,christensen
41,Oklahoma,k,33 oX,"Mozilla/5.0 (Macintosh; PPC Mac OS X 10_9_8 rv:6.0; sw-KE) AppleWebKit/534.17.7 (KHTML, like Gecko) Version/5.0.2 Safari/534.17.7",December,Tree she long thing religious recently hard but. Commercial dog man floor.,scottashley@example.net,Monday,15:21:48,tags/blog/categories,/dev/sdv,d8951a67f64617d09af20df01cdf8fc7639e6c8b8551cc139d63a78686515bff,Unit 4798 Box 6438,04619,davis-martinez
42,Idaho,m,81 VE,"Mozilla/5.0 (Macintosh; U; PPC Mac OS X 10_8_5 rv:5.0; pa-IN) AppleWebKit/535.28.4 (KHTML, like Gecko) Version/4.0 Safari/535.28.4",January,Production hotel wide present your.,laura99@example.org,Wednesday,10:16:07,list/wp-content/wp-content,/dev/xvdz,a2fa93c27c9a56ef130b50e290210c56931d2014f923c5b9e0de234b7a6eb7d9,Unit 9497 Box 4001,77245,bowen
43,Florida,p,54 CF,"Mozilla/5.0 (iPod; U; CPU iPhone OS 4_1 like Mac OS X; eu-ES) AppleWebKit/532.6.5 (KHTML, like Gecko) Version/3.0.5 Mobile/8B118 Safari/6532.6.5",March,Capital before early newspaper perhaps commercial. Listen seat deal third. Single politics reach control.,igray@example.org,Monday,23:23:04,explore,/dev/sdw,bbed03132b9d82b8ed587b935d6c06eb94d42a1465b5db2c53d82bd03185b24f,Unit 0178 Box 8268,25986,hawkins
44,West Virginia,j,50 rg,"Mozilla/5.0 (Macintosh; PPC Mac OS X 10_11_0 rv:3.0; mhr-RU) AppleWebKit/531.29.5 (KHTML, like Gecko) Version/4.0.2 Safari/531.29.5",June,Old coach space establish economy us. Before main serve. Eight reflect simply then seven.,wvalencia@example.com,Tuesday,20:22:59,list,/dev/sdf,6f31f244d9fae61d73bda5f5a3ffd01ffaa377fb4235b65b248afe75d11696cf,Unit 7960 Box 3785,26031,bates-roy
45,Nevada,a,14 fH,"Mozilla/5.0 (Windows; U; Windows NT 5.1) AppleWebKit/532.26.5 (KHTML, like Gecko) Version/5.0.4 Safari/532.26.5",May,Everybody detail magazine majority.,aaronthomas@example.com,Thursday,19:08:22,list/app/list,/dev/sdg,a91b51da79329ff216db1bb6940cde4bc9aeccddc64df57a183b4ebc79d9848c,Unit 9510 Box 3804,97195,spencer
46,Delaware,j,78 Tw,"Mozilla/5.0 (Macintosh; U; Intel Mac OS X 10_12_7 rv:6.0; or-IN) AppleWebKit/533.32.4 (KHTML, like Gecko) Version/5.0.3 Safari/533.32.4",December,Visit ahead attention wonder. Then spring think over trip else.,changmary@example.net,Tuesday,00:10:47,wp-content,/dev/vdg,db0606d4d6c706509d78188f7b1650a2c74486c337b849e765a1e5d36e6d36ea,Unit 2440 Box 3676,63650,caldwell
47,North Carolina,p,47 Xu,"Mozilla/5.0 (Windows; U; Windows NT 6.2) AppleWebKit/532.24.5 (KHTML, like Gecko) Version/5.1 Safari/532.24.5",July,Particularly difficult drug yes all alone smile. Traditional page scene knowledge street far employee value. Group continue wife provide produce city.,thart@example.org,Saturday,22:14:07,blog/wp-content,/dev/xvdt,9f34723fc167a3da4211df90278aa651a120ca3a2c24b85756e5b3ba203ecdda,Unit 7718 Box 7234,60696,hampton-anderson
48,Delaware,o,03 qg,"Mozilla/5.0 (iPod; U; CPU iPhone OS 4_2 like Mac OS X; is-IS) AppleWebKit/535.29.2 (KHTML, like Gecko) Version/3.0.5 Mobile/8B119 Safari/6535.29.2",September,Attention work might. Security quality voice popular piece office.,wellsmark@example.net,Thursday,20:37:14,search/categories,/dev/xvdj,9052f7d2325341ca3b38cd8311c91fa0098c95c956a54cc3db702f1db508724d,Unit 8529 Box 1000,45802,carter-stephens
49,Washington,s,21 zF,"Mozilla/5.0 (iPod; U; CPU iPhone OS 4_3 like Mac OS X; fi-FI) AppleWebKit/534.39.7 (KHTML, like Gecko) Version/3.0.5 Mobile/8B119 Safari/6534.39.7",June,Including main cold pay. Reason hospital sing history mean list.,david48@example.net,Saturday,00:31:35,category/explore/tag,/dev/vdm,281cc9e0f531aaaa797d8929ac01a7de408afbae17821c2ea75e6bfefaa5b82c,Unit 9898 Box 2237,06269,rivas-parker
50,Massachusetts,u,90 ji,"Mozilla/5.0 (iPod; U; CPU iPhone OS 4_1 like Mac OS X; ur-IN) AppleWebKit/533.50.2 (KHTML, like Gecko) Version/4.0.5 Mobile/8B114 Safari/6533.50.2",September,Political may source mean task yeah wind. Artist either try everyone forward. Soon these particularly compare statement method chance.,aaronwallace@example.org,Saturday,13:31:57,categories,/dev/vdk,1069edb6e63d05d6b235bdb5765a46a8e82ebc4e047035d1ff357e120712c486,Unit 8939 Box 6980,31208,hubbard
51,California,p,82 uU,"Mozilla/5.0 (Windows; U; Windows NT 5.01) AppleWebKit/533.27.2 (KHTML, like Gecko) Version/5.1 Safari/533.27.2",April,Ever church suddenly book. Brother forget family under my nothing perhaps. Month explain strategy.,stephenslisa@example.net,Monday,11:24:49,wp-content/app/blog,/dev/xvdg,473fedeb6304079827570865a23bb3756e3f2b1860438e656761ecaa13155a35,Unit 3262 Box 9455,79319,romero-sanford
52,Minnesota,q,79 uc,"Mozilla/5.0 (Windows; U; Windows CE) AppleWebKit/531.31.1 (KHTML, like Gecko) Version/5.0.2 Safari/531.31.1",July,Everyone population agreement office college. Along across pressure two fill coach. Treatment cover study collection person yet we. Eight page wall himself sign describe car.,daniel61@example.net,Wednesday,11:42:36,explore,/dev/xvdo,fcc7b9820ae0c695839d6f28724c744fa44d101ba10e21515b11a437ccbc59df,Unit 3372 Box 0825,06636,valenzuela-rodriguez
53,Iowa,j,66 eg,"Mozilla/5.0 (iPod; U; CPU iPhone OS 3_1 like Mac OS X; wae-CH) AppleWebKit/535.32.5 (KHTML, like Gecko) Version/3.0.5 Mobile/8B115 Safari/6535.32.5",August,Behavior specific west turn born suffer. Night guy in ten arm.,kylie89@example.com,Sunday,05:14:31,categories/explore,/dev/sdb,3e98578a8d1ac3e9230552acbebd1030fbcc63158512b8105834898b808a35f9,Unit 2562 Box 8573,89157,martin
54,Tennessee,z,87 he,"Mozilla/5.0 (iPod; U; CPU iPhone OS 4_0 like Mac OS X; ha-NG) AppleWebKit/532.32.3 (KHTML, like Gecko) Version/4.0.5 Mobile/8B117 Safari/6532.32.3",June,Call produce grow three win reduce similar. Professional various prove job.,smithanthony@example.org,Thursday,21:45:46,explore,/dev/xvdb,c159e0b63476e496ec14407a12104311a4ff0a40633808447e563c53776d4584,Unit 2733 Box 6363,60559,sullivan
55,Arkansas,l,84 xE,"Mozilla/5.0 (Macintosh; PPC Mac OS X 10_6_4 rv:5.0; crh-UA) AppleWebKit/535.46.2 (KHTML, like Gecko) Version/4.0.3 Safari/535.46.2",May,Have should PM option use draw. Difference game grow raise benefit.,sean91@example.com,Thursday,18:48:47,list/wp-content/wp-content,/dev/xvdt,40e6b9c5db1d06d986d31b72bdc64329b92b4371037a3dccc6ee2d9667908f9f,Unit 5387 Box 0975,83237,torres-baker
56,New Mexico,x,44 XA,"Mozilla/5.0 (Windows; U; Windows NT 4.0) AppleWebKit/535.25.1 (KHTML, like Gecko) Version/4.0.3 Safari/535.25.1",January,Which interesting then town billion war center. Nice explain entire hope world.,kristinchavez@example.net,Wednesday,03:05:20,list/search,/dev/vds,4f787c42c10f324e18faf2d3f63ea5350d8c41f76c94a79279e3f8c4301d3c28,Unit 9406 Box 8560,74641,rivera
57,Alabama,e,89 dT,"Mozilla/5.0 (Macintosh; U; PPC Mac OS X 10_12_0 rv:3.0; aa-DJ) AppleWebKit/534.14.4 (KHTML, like Gecko) Version/5.0.5 Safari/534.14.4",May,Cultural hair western think yard add future.,johnowen@example.com,Monday,22:45:39,explore/blog,/dev/vdt,fc6d843517ee545c580e0b42c3d8d173150d51d91f183c384390b463351f1d8d,Unit 1826 Box 7201,40019,hall
58,Maine,x,95 yl,"Mozilla/5.0 (Windows; U; Windows NT 4.0) AppleWebKit/534.4.1 (KHTML, like Gecko) Version/5.0.1 Safari/534.4.1",December,Arm couple something despite next. Me feel your pattern meeting.,powellstephanie@example.org,Thursday,18:54:19,tags/category/blog,/dev/vdw,80be2df594a71d10e7e9f796ba2fc477fb07a23cc8f5852a1ad7d59643fd91fa,Unit 5098 Box 3111,25904,turner-cortez
59,Wisconsin,h,40 rn,"Mozilla/5.0 (Windows; U; Windows NT 5.0) AppleWebKit/532.29.5 (KHTML, like Gecko) Version/4.1 Safari/532.29.5",November,Say care resource. Two might half. Half great necessary instead establish various.,jonesjustin@example.org,Saturday,02:11:30,category,/dev/sde,26d02ba3b09ca6b6ff1f8df3f2a63f5196a617ac9a64038a5b182f28a5111c3f,Unit 5349 Box 7103,70684,hood
60,Nevada,u,60 mN,"Mozilla/5.0 (Windows; U; Windows NT 6.2) AppleWebKit/535.49.6 (KHTML, like Gecko) Version/4.0.1 Safari/535.49.6",April,Human physical sing yes practice whom. Hot hear free quality hit.,jmccoy@example.net,Monday,07:58:56,main/blog,/dev/sde,a030ea5b5bf626caf649f05e2e860c5ed7351703ef68014d452566a6faac42bd,Unit 4070 Box 1866,99165,velez
61,Texas,n,36 dh,"Mozilla/5.0 (Macintosh; Intel Mac OS X 10_8_8 rv:5.0; cs-CZ) AppleWebKit/531.25.6 (KHTML, like Gecko) Version/4.0.1 Safari/531.25.6",October,Card different professor. Above contain why lay.,joshuagray@example.com,Friday,02:57:33,main/wp-content,/dev/sda,f263aaac11c2266785f2038cebb98bd8b22bddfb6ac7454922edbd8ae9b048b9,Unit 8635 Box 9493,09814,baxter
62,Delaware,t,60 Pq,"Mozilla/5.0 (Windows; U; Windows NT 4.0) AppleWebKit/534.39.5 (KHTML, like Gecko) Version/4.0.3 Safari/534.39.5",June,Scene catch form road.,sue11@example.org,Sunday,02:29:57,list/app/main,/dev/vdc,e502a391b545d68c364a32e7edbcf2b31ad71725f6c361fb580d174d6325a36a,Unit 4967 Box 9075,13926,robles
63,Iowa,c,55 fu,"Mozilla/5.0 (Macintosh; U; Intel Mac OS X 10_7_7 rv:3.0; ha-NG) AppleWebKit/535.17.1 (KHTML, like Gecko) Version/4.1 Safari/535.17.1",October,Case we around stand right network important country. Job now law could. City kid prove bar son whole.,nataliemckay@example.com,Monday,17:28:56,main/category/search,/dev/xvdv,e976f3df82e006778bba01a0a2ae925cd0d940492bcc38f381ac26aef311f6f8,Unit 5771 Box 5728,11273,carr
64,North Dakota,z,96 Sp,"Mozilla/5.0 (Windows; U; Windows NT 4.0) AppleWebKit/534.36.7 (KHTML, like Gecko) Version/5.1 Safari/534.36.7",September,Hospital measure allow political again standard. Least everybody professional task those imagine. Pull coach fill mind man central yet bed.,mooreleah@example.net,Thursday,10:14:30,app/tag,/dev/vdu,b6144439d36caee68630c7ee28f4ec92419f4894fd5092fa62fc6dfd080f55ed,Unit 4606 Box 2620,89061,flowers-patterson
65,Iowa,c,86 WY,"Mozilla/5.0 (iPod; U; CPU iPhone OS 3_1 like Mac OS X; kn-IN) AppleWebKit/531.21.6 (KHTML, like Gecko) Version/3.0.5 Mobile/8B118 Safari/6531.21.6",July,Out boy trial agree officer. Image quite police that.,onunez@example.com,Sunday,17:32:13,posts/main,/dev/xvdp,64dedfbffe49b5d9d2b9ef315dfdeebb73afc8aaaf12cf3f232da2b5756dffd7,Unit 2941 Box 8407,03015,rose-downs
66,Virginia,t,54 St,"Mozilla/5.0 (Macintosh; Intel Mac OS X 10_9_7 rv:4.0; is-IS) AppleWebKit/534.34.4 (KHTML, like Gecko) Version/5.1 Safari/534.34.4",May,Last society debate happen. Inside turn loss blue case mean appear.,simscynthia@example.net,Tuesday,19:59:25,blog,/dev/vdq,50d5f234b69bab52e6a3d7d002ce9161f9aa888aac22cab2dac9fdf5e7b9b51c,Unit 1484 Box 2295,41595,johnson
67,Tennessee,i,61 Xz,"Mozilla/5.0 (Windows; U; Windows NT 6.0) AppleWebKit/531.36.7 (KHTML, like Gecko) Version/4.0.2 Safari/531.36.7",October,History century ball plant. Actually prove local field.,kara57@example.com,Saturday,09:44:29,tags,/dev/vdp,dc7633f001481ce533c17aaea34cc6d068275146e601d86b43cb7bd640870ece,Unit 1198 Box 0069,67496,mason
68,North Carolina,v,44 JP,"Mozilla/5.0 (Macintosh; U; PPC Mac OS X 10_8_5 rv:3.0; lzh-TW) AppleWebKit/534.20.7 (KHTML, like Gecko) Version/5.0.3 Safari/534.20.7",December,Catch voice within back peace.,matthewpage@example.com,Friday,05:42:25,posts,/dev/xvdc,d8071851bcddf5ac5260abba84c76e6840683a85199eeaf4771574822f29d819,Unit 7011 Box 4135,04016,yoder-ramirez
69,Maryland,x,69 XC,"Mozilla/5.0 (iPod; U; CPU iPhone OS 4_1 like Mac OS X; lv-LV) AppleWebKit/531.46.1 (KHTML, like Gecko) Version/4.0.5 Mobile/8B118 Safari/6531.46.1",March,Better building yourself forward the. Daughter note set some hundred stop project. Rule between carry head. However grow decade over direction.,jbaird@example.org,Sunday,02:24:31,tags,/dev/xvdr,b8a44c3b523d927a0ad8a837bc7326b11f38da507c9e2c1aaa9024a44b8f9441,Unit 8223 Box 4522,22890,martin
70,Virginia,w,04 dR,"Mozilla/5.0 (Windows; U; Windows 95) AppleWebKit/535.28.5 (KHTML, like Gecko) Version/4.0 Safari/535.28.5",March,Toward wear treatment which full them decide. Moment order despite meet eight.,kevinwiley@example.org,Thursday,03:38:26,search/blog,/dev/sdk,0818a89e6e4e7c3bc4983da3615defe2aa6ab11249361bf784f3194fb7de4c88,Unit 3981 Box 6403,36306,gallagher
71,Wyoming,y,70 TY,"Mozilla/5.0 (iPod; U; CPU iPhone OS 4_2 like Mac OS X; ln-CD) AppleWebKit/531.39.6 (KHTML, like Gecko) Version/3.0.5 Mobile/8B111 Safari/6531.39.6",August,Mother control artist might. Officer last listen lay share sort.,alexis24@example.org,Monday,04:59:41,list,/dev/sdz,7ef689bdc0ffaade5d2585bdb84d6259f5c390eba65cd1887501069438f10532,Unit 4614 Box 2011,16290,rodriguez-bowers
72,North Dakota,s,66 Lf,"Mozilla/5.0 (Macintosh; U; PPC Mac OS X 10_11_5 rv:2.0; et-EE) AppleWebKit/532.38.5 (KHTML, like Gecko) Version/5.0 Safari/532.38.5",November,Military all service amount society. Final event stand. Yet nor price.,jenniferjohnson@example.net,Monday,13:24:33,wp-content/list,/dev/sde,27633badb4c2755fe2de34acc289ed3d925d0b13f63637447d1c4eef4454042e,Unit 8120 Box 0398,82566,little
73,Mississippi,y,01 rk,"Mozilla/5.0 (Windows; U; Windows 95) AppleWebKit/535.39.6 (KHTML, like Gecko) Version/5.0 Safari/535.39.6",December,Store daughter program night lead movement usually left. Him write low too exactly bill they despite. Fish time dog go able room. Medical style car part bill speech let free.,marcia03@example.org,Saturday,10:24:22,category/app/tags,/dev/xvdj,9d5bf2bb731b93ee8220667734868a81f512bea003cc2690f4994b1d8a64e46a,Unit 7371 Box 2209,80885,mccullough
74,Utah,w,58 zk,"Mozilla/5.0 (iPod; U; CPU iPhone OS 4_0 like Mac OS X; sw-TZ) AppleWebKit/533.31.6 (KHTML, like Gecko) Version/4.0.5 Mobile/8B112 Safari/6533.31.6",August,None customer somebody dinner read more particular. Get forget city rest yet office. Alone firm stock place enjoy me hard could.,alvaradomichelle@example.org,Friday,15:23:50,app,/dev/sdl,4e6df901d2a82b18f90ba8212af2ed739077ce7b74744c322e1d050af5dd170a,Unit 5699 Box 5280,41303,hansen-kelly
75,North Dakota,v,69 vL,"Mozilla/5.0 (Windows; U; Windows NT 6.1) AppleWebKit/534.11.1 (KHTML, like Gecko) Version/5.1 Safari/534.11.1",February,Even maintain international low wide. Nor view education tax. Shoulder measure son life sister exist nation.,ghoward@example.net,Thursday,16:44:39,wp-content,/dev/sda,27240576d0074f2051f599e809f0c89f9b6aab14626e2732819c2d6eef884416,Unit 2344 Box 6063,92878,tucker-murray
76,Vermont,h,22 Bq,"Mozilla/5.0 (Windows; U; Windows NT 5.2) AppleWebKit/532.33.1 (KHTML, like Gecko) Version/4.0 Safari/532.33.1",July,Far three service power oil people. Too teach art bring majority high. Build shake win audience yeah modern heart.,dominguezmelinda@example.org,Friday,01:31:48,posts,/dev/sds,36ebfbaab248719c21752c2635005a924ce74d7a51216cb9e2489dd85a095fb7,Unit 7737 Box 5360,11970,nelson
77,Maine,a,48 Ed,"Mozilla/5.0 (iPod; U; CPU iPhone OS 4_0 like Mac OS X; gv-GB) AppleWebKit/534.1.1 (KHTML, like Gecko) Version/4.0.5 Mobile/8B117 Safari/6534.1.1",October,Tell in property community manage themselves board. Through yourself condition turn garden option describe.,holly12@example.org,Friday,04:06:54,search,/dev/sde,bfd1a90b85c2ecf645d4e9fc32054537d8d5f56ace7811ddfe69270093e64ced,Unit 8538 Box 9985,16208,schwartz
78,South Dakota,e,23 YA,"Mozilla/5.0 (Macintosh; PPC Mac OS X 10_7_2 rv:3.0; kn-IN) AppleWebKit/535.41.1 (KHTML, like Gecko) Version/4.1 Safari/535.41.1",December,Staff where central smile garden half husband. Still red allow against decade relate.,kennethrodriguez@example.net,Thursday,20:17:29,search/category,/dev/sdz,2ca15d3f69e640f528b4a4240f9e25156a73b92694bc033ba67848eabc5625da,Unit 0917 Box 7150,76052,hickman
79,Connecticut,f,82 OK,"Mozilla/5.0 (iPod; U; CPU iPhone OS 3_0 like Mac OS X; nan-TW) AppleWebKit/534.47.3 (KHTML, like Gecko) Version/4.0.5 Mobile/8B119 Safari/6534.47.3",November,Former should wall wind list cell. Enter name build put unit forward.,anthonybridges@example.net,Thursday,19:21:15,posts/search/categories,/dev/vdf,8f9a25eea4a847e926ee00fe64f4c3e8f8a4af65dd9c6c77db04a30fb339e80d,Unit 6611 Box 9418,44326,campbell
80,New Mexico,b,00 tT,"Mozilla/5.0 (Macintosh; Intel Mac OS X 10_6_1 rv:4.0; es-DO) AppleWebKit/535.26.5 (KHTML, like Gecko) Version/5.0 Safari/535.26.5",August,For term government nation. Quality player drop letter.,robertnelson@example.net,Friday,22:04:52,posts/list/tag,/dev/xvdf,4eb0d1d13e747ffcf537792b789f5083361ffa9cc1a08661e8628654c06e1302,Unit 4536 Box 7350,66382,kim
81,Wisconsin,l,38 RQ,"Mozilla/5.0 (Macintosh; PPC Mac OS X 10_5_2 rv:4.0; ti-ER) AppleWebKit/533.19.6 (KHTML, like Gecko) Version/5.0 Safari/533.19.6",September,Station special occur should friend place explain. Republican remain listen person keep until. Business either weight defense let test thousand certain.,blee@example.com,Wednesday,03:11:15,explore,/dev/vdz,c9b39d33825782b3be535a2c2fb59677b986c9cf44cb9699c2fe446822d643cb,Unit 1562 Box 4939,62643,gonzalez
82,South Dakota,p,77 WI,"Mozilla/5.0 (Windows; U; Windows CE) AppleWebKit/531.1.6 (KHTML, like Gecko) Version/5.0.5 Safari/531.1.6",February,Man middle herself space foot federal hard. Produce somebody radio response. Land yeah story hair require.,jared51@example.com,Thursday,04:19:32,main,/dev/sdc,e53ec2bbe9121f9dfc8a776ee449af62d4f8942a9b76d47c25b86eb14c11d08f,Unit 7866 Box 6802,17449,fisher-jones
83,Nebraska,w,76 Vc,"Mozilla/5.0 (Windows; U; Windows 95) AppleWebKit/534.16.5 (KHTML, like Gecko) Version/4.0.1 Safari/534.16.5",November,Say discover others. To surface cultural include. Response one music strong large imagine determine.,kimberlykramer@example.com,Saturday,15:28:13,explore,/dev/sdc,d47c4aaefcbada259e8346b473ec4c603ac5f42f30211fd6d9d89f346a0c1b09,Unit 8015 Box 6467,75250,miller-ritter
84,Ohio,s,46 UN,"Mozilla/5.0 (Macintosh; U; PPC Mac OS X 10_12_3 rv:6.0; unm-US) AppleWebKit/533.38.6 (KHTML, like Gecko) Version/5.0.4 Safari/533.38.6",December,Fact example thank culture war. Example on kitchen public oil always help. Talk floor pay line particularly pressure.,jortiz@example.org,Tuesday,16:01:08,main,/dev/xvdy,5bdcb15b223ab423a406e7291ee2d6cccc935d57a4456fc421470f1b5e0f4809,Unit 8913 Box 6043,96188,wiggins
85,North Carolina,u,03 PI,"Mozilla/5.0 (Macintosh; PPC Mac OS X 10_11_9 rv:4.0; nb-NO) AppleWebKit/531.48.6 (KHTML, like Gecko) Version/5.0.1 Safari/531.48.6",December,Summer explain benefit. Computer none what exactly should effort.,bensonshelley@example.com,Sunday,00:40:35,tags/tag/explore,/dev/sdm,c79479082ea6b0f56b05ba4da09551abbb782c94d7605abe12129c8ef90ecaef,Unit 9114 Box 8353,67337,jones-miles
86,Wyoming,u,94 rJ,"Mozilla/5.0 (Windows; U; Windows 98) AppleWebKit/533.34.2 (KHTML, like Gecko) Version/4.1 Safari/533.34.2",September,Thing bar section line price. Lose worker although born stuff. Economic position military service reach least.,michellemendoza@example.org,Tuesday,09:54:32,blog/category/tags,/dev/sdi,0d91661d1973ff68b4bd8b0593c8b5a1ef7fcbb8d38b59d0f455f5485b9b1cb2,Unit 0245 Box 8463,20936,berg
87,Arizona,o,74 zI,"Mozilla/5.0 (iPod; U; CPU iPhone OS 4_2 like Mac OS X; wo-SN) AppleWebKit/535.12.7 (KHTML, like Gecko) Version/4.0.5 Mobile/8B118 Safari/6535.12.7",May,End picture third especially series growth history.,nancy89@example.com,Wednesday,06:55:53,explore/categories/categories,/dev/xvdh,6a459d8dbcbc4e7dce3575a1b518756ccbb2ec2b0bb9a8566b5aba6e532bb455,Unit 1030 Box 0627,42339,ho
88,Wisconsin,m,18 Sr,"Mozilla/5.0 (iPod; U; CPU iPhone OS 4_3 like Mac OS X; gl-ES) AppleWebKit/534.47.2 (KHTML, like Gecko) Version/4.0.5 Mobile/8B117 Safari/6534.47.2",January,Must conference soon space already field oil. Thought down could. Opportunity many movie impact able writer talk.,velezalbert@example.org,Wednesday,03:01:16,list/categories/tag,/dev/xvdg,1fdddbb5b6d5e5ef300fc3116419754feccdebfbe6b69ab471c5ad5141f7a35a,Unit 9852 Box 0971,57178,strickland
89,West Virginia,b,80 gQ,"Mozilla/5.0 (Macintosh; Intel Mac OS X 10_8_3 rv:2.0; ik-CA) AppleWebKit/534.19.6 (KHTML, like Gecko) Version/4.0.3 Safari/534.19.6",May,Hotel full parent them miss way military.,jonesrebecca@example.com,Tuesday,05:34:57,main/list,/dev/vdh,244d74e738c24fce0128d39bc646762392073c9f716dcf3efc7e847e39361293,Unit 0913 Box 3213,66289,larson-smith
90,Hawaii,u,13 ow,"Mozilla/5.0 (Windows; U; Windows 95) AppleWebKit/533.13.7 (KHTML, like Gecko) Version/5.0.3 Safari/533.13.7",August,List risk six stay drug old stand trouble. Short who successful heart wrong gun hit. Strategy soldier space myself.,ccaldwell@example.org,Monday,05:15:14,blog,/dev/xvdw,f6232c48308a1eacad7564017c9d9c58fc49768c01e89e50ba7bbe0577b308ac,Unit 6228 Box 5657,74411,schroeder
91,Nebraska,m,06 Fh,"Mozilla/5.0 (Macintosh; U; PPC Mac OS X 10_10_1 rv:6.0; ml-IN) AppleWebKit/531.5.6 (KHTML, like Gecko) Version/4.0.1 Safari/531.5.6",September,Why before season investment surface their property car. You cause white. Before goal responsibility here.,burkejames@example.net,Saturday,21:01:02,main,/dev/xvdr,e4c4b9ca907b9afb5a6e048cde83a910fe918053a287a142fb20ee930787c5a1,Unit 9690 Box 3608,96453,smith
92,Utah,d,43 ba,"Mozilla/5.0 (iPod; U; CPU iPhone OS 3_2 like Mac OS X; lo-LA) AppleWebKit/531.22.1 (KHTML, like Gecko) Version/4.0.5 Mobile/8B116 Safari/6531.22.1",February,Officer call people dinner newspaper. Management want drop paper blue middle whose lay. End standard too past. Able everyone gun loss item.,connorclay@example.net,Saturday,16:32:00,tag,/dev/vdf,01a1b96ed3f6bba3ec5e99b9458a7d72235c8b31c45a07d2d65921bd715fd6cc,Unit 7863 Box 0026,75717,vaughn-petty
93,Mississippi,p,15 dJ,"Mozilla/5.0 (iPod; U; CPU iPhone OS 4_3 like Mac OS X; rw-RW) AppleWebKit/533.46.6 (KHTML, like Gecko) Version/3.0.5 Mobile/8B114 Safari/6533.46.6",July,Another technology performance people. Trip work above realize wife drug.,uvaldez@example.com,Tuesday,15:43:35,tags/posts/wp-content,/dev/vdi,cad1513c7c006dd07efbe162ab43b8e9710c0eb924edb022ea562d943ede4e90,Unit 9396 Box 7267,20964,cooper
94,New Jersey,h,06 xk,"Mozilla/5.0 (iPod; U; CPU iPhone OS 3_0 like Mac OS X; ayc-PE) AppleWebKit/532.42.6 (KHTML, like Gecko) Version/4.0.5 Mobile/8B112 Safari/6532.42.6",November,Make role job east together us loss friend. Network indeed common thus method.,daisygonzales@example.net,Thursday,03:18:22,tags/list,/dev/xvdy,cc7ef9cbbfb9f94717ea608785cca864b48a35ba246b45832078683b46ad2992,Unit 1104 Box 9852,78119,decker
