,day_of_week,time,uri_path,unix_device,sha256,military_dpo,postcode,domain_word,bothify
0,Thursday,16:54:28,tag/search/main,/dev/sdu,edcb7f862966d05f7990134da0e72df7b54c6749b0e607d151af566c78669120,Unit 6360 Box 9434,77937,cortez,73 YM
1,Monday,13:59:38,tags/categories,/dev/xvdx,203cd920ccdbf6e71f0f9dc9d9a4d79a76e78872a5649d6d5ddc0eb51c05e955,Unit 0469 Box 6850,65274,christensen,09 Ml
2,Thursday,03:18:22,tags/list,/dev/xvdy,cc7ef9cbbfb9f94717ea608785cca864b48a35ba246b45832078683b46ad2992,Unit 1104 Box 9852,78119,decker,06 xk
3,Friday,07:15:21,tag/tags/category,/dev/sdl,faf8f294ea60ca11e0341ed443847bafb6b509dd83fd54112546895839602d8b,Unit 4033 Box 1823,81862,anderson-morales,98 Qw
4,Friday,01:31:48,posts,/dev/sds,36ebfbaab248719c21752c2635005a924ce74d7a51216cb9e2489dd85a095fb7,Unit 7737 Box 5360,11970,nelson,22 Bq
5,Tuesday,14:27:30,tags/list,/dev/sdw,3255239a81e35c49358c5de2d9e652b625ef289556d9a7ff7c04a87852acbebb,Unit 9788 Box 4704,74053,chase,63 YQ
6,Tuesday,03:13:22,search/tag/search,/dev/sdw,0242e8062feaa03b99826165e9894d897872586f1575380286242fd0f2db04b2,Unit 4432 Box 5951,90789,walter-beck,13 xl
7,Saturday,00:31:35,category/explore/tag,/dev/vdm,281cc9e0f531aaaa797d8929ac01a7de408afbae17821c2ea75e6bfefaa5b82c,Unit 9898 Box 2237,06269,rivas-parker,21 zF
8,Saturday,02:30:22,explore/category,/dev/vdh,f0c984a506be3d74fe549763c65ed4300c7b3a828f353833151f4519d80d98c7,Unit 9987 Box 8028,28260,hill-trevino,11 Vr
9,Monday,05:15:14,blog,/dev/xvdw,f6232c48308a1eacad7564017c9d9c58fc49768c01e89e50ba7bbe0577b308ac,Unit 6228 Box 5657,74411,schroeder,13 ow
10,Friday,04:06:54,search,/dev/sde,bfd1a90b85c2ecf645d4e9fc32054537d8d5f56ace7811ddfe69270093e64ced,Unit 8538 Box 9985,16208,schwartz,48 Ed
11,Saturday,19:01:20,search,/dev/vdt,70cff24165df6f7669eb37b964075d8a804ca04e15fcf7de28f87138fc173f05,Unit 8950 Box 0935,78192,durham-wilson,83 hA
12,Thursday,20:37:14,search/categories,/dev/xvdj,9052f7d2325341ca3b38cd8311c91fa0098c95c956a54cc3db702f1db508724d,Unit 8529 Box 1000,45802,carter-stephens,03 qg
13,Tuesday,05:34:57,main/list,/dev/vdh,244d74e738c24fce0128d39bc646762392073c9f716dcf3efc7e847e39361293,Unit 0913 Box 3213,66289,larson-smith,80 gQ
14,Friday,02:57:33,main/wp-content,/dev/sda,f263aaac11c2266785f2038cebb98bd8b22bddfb6ac7454922edbd8ae9b048b9,Unit 8635 Box 9493,09814,baxter,36 dh
15,Saturday,09:44:29,tags,/dev/vdp,dc7633f001481ce533c17aaea34cc6d068275146e601d86b43cb7bd640870ece,Unit 1198 Box 0069,67496,mason,61 Xz
16,Tuesday,23:59:17,explore,/dev/xvdh,1a8ead6759239411f348a49bf496ba5f01e9d166c57dc9feebeca9b5f0f4dee8,Unit 4619 Box 9131,15462,russell-russo,93 bx
17,Thursday,16:44:39,wp-content,/dev/sda,27240576d0074f2051f599e809f0c89f9b6aab14626e2732819c2d6eef884416,Unit 2344 Box 6063,92878,tucker-murray,69 vL
18,Tuesday,19:59:25,blog,/dev/vdq,50d5f234b69bab52e6a3d7d002ce9161f9aa888aac22cab2dac9fdf5e7b9b51c,Unit 1484 Box 2295,41595,johnson,54 St
19,Thursday,04:19:32,main,/dev/sdc,e53ec2bbe9121f9dfc8a776ee449af62d4f8942a9b76d47c25b86eb14c11d08f,Unit 7866 Box 6802,17449,fisher-jones,77 WI
20,Thursday,20:17:29,search/category,/dev/sdz,2ca15d3f69e640f528b4a4240f9e25156a73b92694bc033ba67848eabc5625da,Unit 0917 Box 7150,76052,hickman,23 YA
21,Sunday,13:15:27,main,/dev/vdv,6cf182b9aa47a59da500ccba15b7980e3b108dd92a1daeccec31f28676f14b80,Unit 3388 Box 1559,20355,herrera,70 Mv
22,Thursday,23:11:30,categories/posts,/dev/xvdz,1bc7a52fd5707163a3023084ced1183afdeea6d2868fb58d201d5417a7150704,Unit 2711 Box 2761,11668,becker,66 ST
23,Wednesday,09:56:36,search/list,/dev/xvdm,8514c57fd244821396e4042dc7a0c04a518b391048b6f6b08b7280019f1dcc33,Unit 5738 Box 8479,30247,tran-brady,94 CV
24,Saturday,10:24:22,category/app/tags,/dev/xvdj,9d5bf2bb731b93ee8220667734868a81f512bea003cc2690f4994b1d8a64e46a,Unit 7371 Box 2209,80885,mccullough,01 rk
25,Sunday,00:40:35,tags/tag/explore,/dev/sdm,c79479082ea6b0f56b05ba4da09551abbb782c94d7605abe12129c8ef90ecaef,Unit 9114 Box 8353,67337,jones-miles,03 PI
26,Saturday,21:01:02,main,/dev/xvdr,e4c4b9ca907b9afb5a6e048cde83a910fe918053a287a142fb20ee930787c5a1,Unit 9690 Box 3608,96453,smith,06 Fh
27,Friday,07:15:50,list/search,/dev/xvdz,a27aa96766bc70f880aae9b8078251a874c5f7f1b3d212399661262637b7bc1a,Unit 3289 Box 7907,40504,bailey,56 Gs
28,Sunday,02:46:54,categories,/dev/vdt,23990bc5ca3d08fe89cbbb001a1261a8d04c585a658795fd9f29437511d26822,Unit 1131 Box 1048,96759,english,89 AR
29,Monday,23:23:04,explore,/dev/sdw,bbed03132b9d82b8ed587b935d6c06eb94d42a1465b5db2c53d82bd03185b24f,Unit 0178 Box 8268,25986,hawkins,54 CF
30,Friday,11:49:14,wp-content/explore/category,/dev/xvdz,988b6f3a9b570ae9f029d9ac017fa90ef2e1dda575271547df700d098fe8522f,Unit 6736 Box 7358,21483,green,96 Km
31,Sunday,02:29:57,list/app/main,/dev/vdc,e502a391b545d68c364a32e7edbcf2b31ad71725f6c361fb580d174d6325a36a,Unit 4967 Box 9075,13926,robles,60 Pq
32,Friday,15:23:50,app,/dev/sdl,4e6df901d2a82b18f90ba8212af2ed739077ce7b74744c322e1d050af5dd170a,Unit 5699 Box 5280,41303,hansen-kelly,58 zk
33,Sunday,02:24:31,tags,/dev/xvdr,b8a44c3b523d927a0ad8a837bc7326b11f38da507c9e2c1aaa9024a44b8f9441,Unit 8223 Box 4522,22890,martin,69 XC
34,Saturday,18:20:11,list/wp-content/app,/dev/vdy,05d80b9e47638f87dc14dab4e3337d36790439482ce5032ee3fa1cb3de94a27f,Unit 1555 Box 9914,67245,page-smith,61 uX
35,Sunday,05:14:31,categories/explore,/dev/sdb,3e98578a8d1ac3e9230552acbebd1030fbcc63158512b8105834898b808a35f9,Unit 2562 Box 8573,89157,martin,66 eg
36,Monday,07:58:56,main/blog,/dev/sde,a030ea5b5bf626caf649f05e2e860c5ed7351703ef68014d452566a6faac42bd,Unit 4070 Box 1866,99165,velez,60 mN
37,Thursday,10:14:30,app/tag,/dev/vdu,b6144439d36caee68630c7ee28f4ec92419f4894fd5092fa62fc6dfd080f55ed,Unit 4606 Box 2620,89061,flowers-patterson,96 Sp
38,Wednesday,11:42:36,explore,/dev/xvdo,fcc7b9820ae0c695839d6f28724c744fa44d101ba10e21515b11a437ccbc59df,Unit 3372 Box 0825,06636,valenzuela-rodriguez,79 uc
39,Sunday,13:14:21,tags,/dev/vdc,526abab93194c7fd73e053dd78178a9501b776b9a7aa70e6b7dc7394fdc075a8,Unit 5558 Box 6165,63373,klein-wilson,36 fC
40,Saturday,13:31:57,categories,/dev/vdk,1069edb6e63d05d6b235bdb5765a46a8e82ebc4e047035d1ff357e120712c486,Unit 8939 Box 6980,31208,hubbard,90 ji
41,Wednesday,22:17:01,tags,/dev/xvdc,07533b44f79aa40a8ffb4b8ef042cb7edef8096afa9c60360c46c4a6ed430e7f,Unit 6659 Box 9645,59547,bush,14 dN
42,Thursday,00:08:56,categories/wp-content,/dev/vdn,f9154a731c24b4f90096516cfe763794174914574a956ecd132ea4dfbc2f2b26,Unit 0720 Box 4978,93911,ryan-perry,90 jT
43,Wednesday,14:55:10,categories/category/blog,/dev/vdy,7d61a34383b7ef599c721c26a77a8b96140435ddb5b72042ae4c8933666242c9,Unit 4152 Box 3666,94422,ellis-burnett,20 oh
44,Monday,13:24:33,wp-content/list,/dev/sde,27633badb4c2755fe2de34acc289ed3d925d0b13f63637447d1c4eef4454042e,Unit 8120 Box 0398,82566,little,66 Lf
45,Tuesday,15:43:35,tags/posts/wp-content,/dev/vdi,cad1513c7c006dd07efbe162ab43b8e9710c0eb924edb022ea562d943ede4e90,Unit 9396 Box 7267,20964,cooper,15 dJ
46,Wednesday,10:16:07,list/wp-content/wp-content,/dev/xvdz,a2fa93c27c9a56ef130b50e290210c56931d2014f923c5b9e0de234b7a6eb7d9,Unit 9497 Box 4001,77245,bowen,81 VE
47,Sunday,17:32:13,posts/main,/dev/xvdp,64dedfbffe49b5d9d2b9ef315dfdeebb73afc8aaaf12cf3f232da2b5756dffd7,Unit 2941 Box 8407,03015,rose-downs,86 WY
48,Tuesday,20:22:59,list,/dev/sdf,6f31f244d9fae61d73bda5f5a3ffd01ffaa377fb4235b65b248afe75d11696cf,Unit 7960 Box 3785,26031,bates-roy,50 rg
49,Monday,14:24:25,tags,/dev/sda,33c1c5df9b67e1ccd6ca1c3c9dce5179a9270faf6e845a7c68c250022d7abc24,Unit 3998 Box 8354,42853,stokes-ingram,68 iz
50,Saturday,03:04:51,tag/tags,/dev/sdg,430b4e0870bc4f22edc1c17ce6bf0bc6f7c15fb8834f207f8fd77eec58bcdc0e,Unit 4141 Box 0057,87746,ford,68 Hd
51,Monday,15:21:48,tags/blog/categories,/dev/sdv,d8951a67f64617d09af20df01cdf8fc7639e6c8b8551cc139d63a78686515bff,Unit 4798 Box 6438,04619,davis-martinez,33 oX
52,Sunday,03:31:44,tag/tags,/dev/sdp,33a679fba371ae5a9589d43a7fb01dc9e0c7cb3a2dc65a3372e94e41d128b0fd,Unit 9068 Box 6556,85262,duke,53 Os
53,Wednesday,00:47:05,explore/tags,/dev/vdc,7d339d0f7cfb135dd7546d4cf785dfdd593c7b2d01c02e4cad98076309442e75,Unit 8048 Box 5802,95394,rubio,93 cW
54,Tuesday,05:48:01,posts,/dev/sdn,be3b9a2bf3bbb7445295ca705e51ff3070ee84d427fd58e502792eca27306eca,Unit 9037 Box 6213,49896,holt,59 zo
55,Thursday,21:45:46,explore,/dev/xvdb,c159e0b63476e496ec14407a12104311a4ff0a40633808447e563c53776d4584,Unit 2733 Box 6363,60559,sullivan,87 he
56,Monday,22:45:39,explore/blog,/dev/vdt,fc6d843517ee545c580e0b42c3d8d173150d51d91f183c384390b463351f1d8d,Unit 1826 Box 7201,40019,hall,89 dT
57,Thursday,03:38:26,search/blog,/dev/sdk,0818a89e6e4e7c3bc4983da3615defe2aa6ab11249361bf784f3194fb7de4c88,Unit 3981 Box 6403,36306,gallagher,04 dR
58,Wednesday,03:11:15,explore,/dev/vdz,c9b39d33825782b3be535a2c2fb59677b986c9cf44cb9699c2fe446822d643cb,Unit 1562 Box 4939,62643,gonzalez,38 RQ
59,Saturday,04:16:46,app/main/list,/dev/xvdr,2e4fffbbfaf6518512bbc219e06483ec7b175b36dd32b6ba86b3ee6870248e10,Unit 2640 Box 7572,13443,wright,59 zQ
60,Saturday,15:28:13,explore,/dev/sdc,d47c4aaefcbada259e8346b473ec4c603ac5f42f30211fd6d9d89f346a0c1b09,Unit 8015 Box 6467,75250,miller-ritter,76 Vc
61,Saturday,16:32:00,tag,/dev/vdf,01a1b96ed3f6bba3ec5e99b9458a7d72235c8b31c45a07d2d65921bd715fd6cc,Unit 7863 Box 0026,75717,vaughn-petty,43 ba
62,Saturday,12:27:59,app,/dev/sde,5d83ad3080822d07cbc7dcb7eee54974804c0995826cc4c3f0cd989b1afe585a,Unit 0879 Box 6174,78044,butler,31 Av
63,Friday,22:04:52,posts/list/tag,/dev/xvdf,4eb0d1d13e747ffcf537792b789f5083361ffa9cc1a08661e8628654c06e1302,Unit 4536 Box 7350,66382,kim,00 tT
64,Tuesday,00:04:47,explore/main,/dev/xvdw,7e9c2e62ab1816b99f2a0bc12d029060c354ca0238e0f1e8e50c48cd4839de69,Unit 9734 Box 7667,98265,vargas,72 Qg
65,Thursday,18:48:47,list/wp-content/wp-content,/dev/xvdt,40e6b9c5db1d06d986d31b72bdc64329b92b4371037a3dccc6ee2d9667908f9f,Unit 5387 Box 0975,83237,torres-baker,84 xE
66,Monday,16:46:00,category/blog/search,/dev/vdw,1779d51c3ffba555fe4630b811b79b33331a05cf5bffe6ce556b62185ea6e003,Unit 1441 Box 7136,18925,johnson,82 mt
67,Monday,08:36:48,main,/dev/sdu,a9edde0f3b6bbe9d0d444d41d64ff8cb99be4e96b1252a0ffcef63e77669aa04,Unit 2816 Box 3373,45728,white,05 Nm
68,Tuesday,00:10:47,wp-content,/dev/vdg,db0606d4d6c706509d78188f7b1650a2c74486c337b849e765a1e5d36e6d36ea,Unit 2440 Box 3676,63650,caldwell,78 Tw
69,Tuesday,21:44:15,tag,/dev/xvdp,898104b7c56bc98b530bb9a7a9f690efd0742ade76f63614f370f0cc56787adb,Unit 2352 Box 3460,38318,edwards,17 od
70,Tuesday,17:21:18,wp-content,/dev/vds,5c77a02b8f90a8ee61156235b04f47d7ee54016ddf889e4ac705a61677cffce3,Unit 7548 Box 0911,13892,stanley-cooper,65 UI
71,Friday,21:41:48,tags/blog,/dev/vdj,8f8b61af80dfc880ba8908b1e1dffaa46c850c4a6dcf7d058a151435d35eea76,Unit 5571 Box 7677,88080,young,55 Cv
72,Wednesday,11:31:32,main/search/search,/dev/xvde,216deda113b081ddab7481b7ceb6d19e1c97e02e8c300e06c369bebaba665ee0,Unit 6057 Box 1581,98382,gonzales-werner,91 As
73,Tuesday,16:01:08,main,/dev/xvdy,5bdcb15b223ab423a406e7291ee2d6cccc935d57a4456fc421470f1b5e0f4809,Unit 8913 Box 6043,96188,wiggins,46 UN
74,Friday,20:47:39,explore/category/posts,/dev/sdo,5e62e316847a33f41f79ff5bcfbe8d4d0ac2292935876a5ed1e1e779906ba3f0,Unit 8723 Box 7237,80153,moore,68 Rx
75,Saturday,18:54:59,categories/category,/dev/vdu,1e1c34529329959a37ffe71baa5bf79bc2e4119eae77a64a87c01c9d5a8abf8f,Unit 8232 Box 2071,08565,hill-jordan,34 sV
76,Thursday,18:54:19,tags/category/blog,/dev/vdw,80be2df594a71d10e7e9f796ba2fc477fb07a23cc8f5852a1ad7d59643fd91fa,Unit 5098 Box 3111,25904,turner-cortez,95 yl
77,Wednesday,05:01:08,category/list/blog,/dev/sda,a2c10e5f12a220a6a3b5f83cd256c9c4f3dd32f6856b01cf90d404b6a03df8ee,Unit 5484 Box 8680,40591,hamilton,36 xL
78,Tuesday,07:17:21,main/blog/blog,/dev/sdt,0bd3a3523aaa488c80189ae8b180fe720e0674af6884911fe9caf54bedb537b4,Unit 8063 Box 9284,27086,hernandez,75 bq
79,Friday,05:42:25,posts,/dev/xvdc,d8071851bcddf5ac5260abba84c76e6840683a85199eeaf4771574822f29d819,Unit 7011 Box 4135,04016,yoder-ramirez,44 JP
80,Tuesday,09:54:32,blog/category/tags,/dev/sdi,0d91661d1973ff68b4bd8b0593c8b5a1ef7fcbb8d38b59d0f455f5485b9b1cb2,Unit 0245 Box 8463,20936,berg,94 rJ
81,Sunday,22:01:55,categories,/dev/sdq,f8015118d136d60b87968e7b859158d00cd378ef205e1d846919387787ae4287,Unit 7803 Box 6477,83360,williams,80 VC
82,Monday,04:59:41,list,/dev/sdz,7ef689bdc0ffaade5d2585bdb84d6259f5c390eba65cd1887501069438f10532,Unit 4614 Box 2011,16290,rodriguez-bowers,70 TY
83,Friday,10:33:36,tags,/dev/vdx,fe5942bbd613672a96c187995a27b948dd46612d19b3b8978b221abf4e8facaf,Unit 6606 Box 0669,34120,evans,89 tO
84,Saturday,02:11:30,category,/dev/sde,26d02ba3b09ca6b6ff1f8df3f2a63f5196a617ac9a64038a5b182f28a5111c3f,Unit 5349 Box 7103,70684,hood,40 rn
85,Thursday,19:21:15,posts/search/categories,/dev/vdf,8f9a25eea4a847e926ee00fe64f4c3e8f8a4af65dd9c6c77db04a30fb339e80d,Unit 6611 Box 9418,44326,campbell,82 OK
86,Saturday,02:54:45,tag,/dev/sdv,aaa8937ce4365951d816a57ff285e30f07f2d7df4c0db6a3f5db8fd141ddc101,Unit 5915 Box 3421,06439,castillo,17 Vx
87,Monday,11:24:49,wp-content/app/blog,/dev/xvdg,473fedeb6304079827570865a23bb3756e3f2b1860438e656761ecaa13155a35,Unit 3262 Box 9455,79319,romero-sanford,82 uU
88,Wednesday,03:05:20,list/search,/dev/vds,4f787c42c10f324e18faf2d3f63ea5350d8c41f76c94a79279e3f8c4301d3c28,Unit 9406 Box 8560,74641,rivera,44 XA
89,Saturday,22:14:07,blog/wp-content,/dev/xvdt,9f34723fc167a3da4211df90278aa651a120ca3a2c24b85756e5b3ba203ecdda,Unit 7718 Box 7234,60696,hampton-anderson,47 Xu
90,Wednesday,03:01:16,list/categories/tag,/dev/xvdg,1fdddbb5b6d5e5ef300fc3116419754feccdebfbe6b69ab471c5ad5141f7a35a,Unit 9852 Box 0971,57178,strickland,18 Sr
91,Thursday,19:08:22,list/app/list,/dev/sdg,a91b51da79329ff216db1bb6940cde4bc9aeccddc64df57a183b4ebc79d9848c,Unit 9510 Box 3804,97195,spencer,14 fH
92,Wednesday,06:55:53,explore/categories/categories,/dev/xvdh,6a459d8dbcbc4e7dce3575a1b518756ccbb2ec2b0bb9a8566b5aba6e532bb455,Unit 1030 Box 0627,42339,ho,74 zI
93,Friday,11:09:47,app,/dev/vdt,c1b692715d87b995423776bf80025ecaf1c895befade74513a72c03a62f50430,Unit 4014 Box 9548,21630,richmond,53 Kn
94,Monday,17:28:56,main/category/search,/dev/xvdv,e976f3df82e006778bba01a0a2ae925cd0d940492bcc38f381ac26aef311f6f8,Unit 5771 Box 5728,11273,carr,55 fu
